sleeve,rank_ic_mean,ic_ir,ic_pos_frac,q5q1_ann
B2_value,-0.005088969291515078,-0.02860202318371056,0.504,-0.005796719678764091
B3_quality,0.003216780581223071,0.021894650124610286,0.48360655737704916,0.003440299371399451
B4_momentum,0.009406185929270077,0.045410110016611965,0.5132743362831859,0.041836030659044926
B5_lowvol,-0.006388459687104936,-0.02596499841903559,0.4957983193277311,-0.07057306752757132
